{
    "items": [
        {
            "Name": "Ground",
            "TextColor": {
                "r": 1.0,
                "g": 1.0,
                "b": 1.0,
                "a": 1.0
            },
            "FontSize": 12,
            "FontStyle": 0,
            "ImageColor": {
                "r": 0.4169839322566986,
                "g": 0.6132075786590576,
                "b": 0.349991112947464,
                "a": 1.0
            },
            "ImageType": 0
        },
        {
            "Name": "Physics",
            "TextColor": {
                "r": 1.0,
                "g": 1.0,
                "b": 1.0,
                "a": 1.0
            },
            "FontSize": 12,
            "FontStyle": 0,
            "ImageColor": {
                "r": 0.9450981020927429,
                "g": 0.6549019813537598,
                "b": 0.3176470696926117,
                "a": 1.0
            },
            "ImageType": 0
        }
    ]
}