{
    "items": [
        {
            "Name": "Point Lights",
            "TextColor": {
                "r": 1.0,
                "g": 1.0,
                "b": 1.0,
                "a": 1.0
            },
            "FontSize": 12,
            "FontStyle": 0,
            "ImageColor": {
                "r": 0.9209296107292175,
                "g": 0.9339622855186462,
                "b": 0.6035510897636414,
                "a": 1.0
            },
            "ImageType": 0
        }
    ]
}